,phrase,label,sentiment,subjectivity,language,count
Istanbul,,,,,,
Türkiye,,,,,,
Antalya,,,,,,
USA,,,,,,
Aegean,,,,,,
Marmara,,,,,,
Ankara,,,,,,
Balıkesir,,,,,,
Mediterranean,,,,,,
Bodrum,,,,,,
Japan,,,,,,
Sındırgı,,,,,,
Eastern Anatolia,,,,,,
Southeastern Anatolia,,,,,,
Eastern Black Sea,,,,,,
Muğla,,,,,,
Erzincan,,,,,,
the Black Sea,,,,,,
Turkey,,,,,,
Black Sea,,,,,,
Central,,,,,,
Finike,,,,,,
Kumluca,,,,,,
Gaza,,,,,,
Iran,,,,,,
Spain,,,,,,
Kaş,,,,,,
Indonesia,,,,,,
Taiwan,,,,,,
Adana,,,,,,
Fukushima,,,,,,
Philippines,,,,,,
Syria,,,,,,
Alanya,,,,,,
Gazipaşa,,,,,,
US,,,,,,
Aydın,,,,,,
Sapanca Lake,,,,,,
Zonguldak,,,,,,
Manisa,,,,,,
Australia,,,,,,
Kemah,,,,,,
the Central Mediterranean,,,,,,
Central Anatolia,,,,,,
East,,,,,,
Iceland,,,,,,
Kütahya,,,,,,
Trabzon,,,,,,
Western Black Sea,,,,,,
Russia,,,,,,
the Eastern Black Sea,,,,,,
Kemer,,,,,,
Artvin,,,,,,
Mersin,,,,,,
Hatay,,,,,,
the Middle East,,,,,,
Italy,,,,,,
Europe,,,,,,
the Gaza Strip,,,,,,
Sweden,,,,,,
Bayrampaşa,,,,,,
Portugal,,,,,,
Simav,,,,,,
Kos,,,,,,
Tobelo,,,,,,
Çanakkale,,,,,,
Ardahan,,,,,,
the Eastern Mediterranean,,,,,,
West Africa,,,,,,
Dalaman,,,,,,
Germany,,,,,,
Kepez,,,,,,
Gaziantep,,,,,,
Western Europe,,,,,,
Tunisia,,,,,,
Edirne,,,,,,
Kahramanmaraş,,,,,,
Bartın,,,,,,
Western Mediterranean,,,,,,
Euphrates,,,,,,
Elazığ,,,,,,
Osmaniye,,,,,,
Uşak,,,,,,
Uzbekistan,,,,,,
Kastamonu,,,,,,
Çankırı,,,,,,
Calabria,,,,,,
China,,,,,,
West,,,,,,
CHP,,,,,,
Icelandic,,,,,,
Albania,,,,,,
Bulgaria,,,,,,
Sivas,,,,,,
Wenderson Tsunami,,,,,,
Santorini Island,,,,,,
Konya,,,,,,
Hy-Brasil,,,,,,
Silifke,,,,,,
Muratpaşa,,,,,,
Milwaukee,,,,,,
Aegean Region,,,,,,
New York,,,,,,
Sındırgı district,,,,,,
Central Mediterranean,,,,,,
Eastern Mediterranean,,,,,,
Memphis,,,,,,
Erzurum,,,,,,
the South Aegean,,,,,,
Mount Hasan,,,,,,
Avcılar,,,,,,
Aksu,,,,,,
Erdemli,,,,,,
Gülnar,,,,,,
Bozyazı,,,,,,
MYK,,,,,,
M6.2–6.4,,,,,,
Kırıkhan,,,,,,
Burdur,,,,,,
Kuwait,,,,,,
Adıyaman,,,,,,
Africa,,,,,,
Qatar,,,,,,
Java Island,,,,,,
the Alpine-Himalayan earthquake zone,,,,,,
Kuşadası,,,,,,
Gümbet Bay,,,,,,
İstanköy,,,,,,
Çukurova,,,,,,
İzmir,,,,,,
Bandırma,,,,,,
Savaştepe,,,,,,
Niscemi,,,,,,
Sicily,,,,,,
Datça,,,,,,
Marmaris,,,,,,
Qamishli,,,,,,
Seydikemer,,,,,,
Aksu Stream,,,,,,
Manavgat,,,,,,
Israel,,,,,,
Ireland,,,,,,
Thrace,,,,,,
Nusaybin,,,,,,
Northern Europe,,,,,,
Van,,,,,,
the East Asian,,,,,,
Yilan,,,,,,
Leros Island,,,,,,
Cide district,,,,,,
Johannes,,,,,,
Norway,,,,,,
Kocaeli,,,,,,
Finland,,,,,,
Midwest,,,,,,
Northeast,,,,,,
Southeastern Anatolia Region,,,,,,
Karaçoban,,,,,,
Göle,,,,,,
Nişantaşı,,,,,,
Perth,,,,,,
Kashiwazaki-Kariwa,,,,,,
the Konya Basin,,,,,,
Hualien province,,,,,,
Kütahya Simav,,,,,,
Santorini,,,,,,
Karabük,,,,,,
Sinop,,,,,,
Yozgat,,,,,,
The Black Sea,,,,,,
Anatolia,,,,,,
the Western Black Sea,,,,,,
Rize,,,,,,
Southeast,,,,,,
Manila,,,,,,
Afyonkarahisar,,,,,,
Beylikdüzü,,,,,,
Central Black Sea,,,,,,
California,,,,,,
Balkans,,,,,,
Bahçeli,,,,,,
Earth,,,,,,
Serik district,,,,,,
Denizli,,,,,,
Buldan,,,,,,
Damascus,,,,,,
Çaykara,,,,,,
Eastern Black Sea Region,,,,,,
Ukraine,,,,,,
Tophane,,,,,,
Şişli,,,,,,
Romania,,,,,,
Amsterdam,,,,,,
Paris,,,,,,
England,,,,,,
Los Angeles,,,,,,
France,,,,,,
Baculin,,,,,,
the Western Mediterranean,,,,,,
Baskil district,,,,,,
Alps,,,,,,
Ardanuç district,,,,,,
Marmaraereğlisi district,,,,,,
Tekirdağ,,,,,,
Türkmenli Pond,,,,,,
Çatak district,,,,,,
Iwate Prefecture,,,,,,
Fethiye,,,,,,
South Asia,,,,,,
Asia,,,,,,
Isparta,,,,,,
